FirstIng,SecondIng,commonComp
298.0,998.0,1
298.0,1447.0,15
298.0,136.0,4
298.0,1080.0,0
298.0,575.0,5
298.0,251.0,6
298.0,166.0,8
298.0,848.0,28
298.0,1471.0,5
298.0,1240.0,54
298.0,707.0,2
298.0,439.0,8
298.0,675.0,6
298.0,1132.0,22
298.0,1257.0,40
298.0,849.0,1
298.0,579.0,1
298.0,1338.0,63
298.0,385.0,40
298.0,1088.0,30
298.0,619.0,58
298.0,1320.0,17
298.0,19.0,61
298.0,248.0,80
298.0,417.0,61
298.0,1356.0,7
298.0,749.0,1
298.0,396.0,74
298.0,1216.0,16
298.0,735.0,19
298.0,1399.0,33
298.0,1197.0,62
298.0,133.0,15
298.0,1183.0,1
298.0,1140.0,8
298.0,64.0,22
298.0,1428.0,69
298.0,112.0,4
298.0,260.0,51
298.0,205.0,45
298.0,1133.0,39
298.0,516.0,0
298.0,483.0,0
298.0,361.0,49
298.0,152.0,5
298.0,1120.0,36
298.0,296.0,45
298.0,1382.0,0
298.0,878.0,32
298.0,590.0,20
298.0,466.0,29
298.0,1251.0,3
298.0,1488.0,53
298.0,638.0,0
298.0,994.0,71
298.0,652.0,30
298.0,105.0,30
298.0,18.0,3
298.0,1469.0,11
298.0,1232.0,16
298.0,1370.0,11
998.0,1447.0,2
998.0,136.0,0
998.0,1080.0,0
998.0,575.0,0
998.0,251.0,0
998.0,166.0,0
998.0,848.0,0
998.0,1471.0,0
998.0,1240.0,1
998.0,707.0,0
998.0,439.0,0
998.0,675.0,0
998.0,1132.0,2
998.0,1257.0,2
998.0,849.0,0
998.0,579.0,0
998.0,1338.0,2
998.0,385.0,1
998.0,1088.0,0
998.0,619.0,2
998.0,1320.0,1
998.0,19.0,1
998.0,248.0,2
998.0,417.0,1
998.0,1356.0,0
998.0,749.0,0
998.0,396.0,1
998.0,1216.0,0
998.0,735.0,0
998.0,1399.0,0
998.0,1197.0,2
998.0,133.0,0
998.0,1183.0,0
998.0,1140.0,0
998.0,64.0,2
998.0,1428.0,2
998.0,112.0,0
998.0,260.0,1
998.0,205.0,0
998.0,1133.0,1
998.0,516.0,0
998.0,483.0,0
998.0,361.0,2
998.0,152.0,0
998.0,1120.0,1
998.0,296.0,0
998.0,1382.0,0
998.0,878.0,0
998.0,590.0,2
998.0,466.0,3
998.0,1251.0,0
998.0,1488.0,1
998.0,638.0,0
998.0,994.0,2
998.0,652.0,1
998.0,105.0,1
998.0,18.0,0
998.0,1469.0,0
998.0,1232.0,0
998.0,1370.0,0
1447.0,136.0,16
1447.0,1080.0,0
1447.0,575.0,5
1447.0,251.0,5
1447.0,166.0,1
1447.0,848.0,13
1447.0,1471.0,0
1447.0,1240.0,20
1447.0,707.0,0
1447.0,439.0,4
1447.0,675.0,0
1447.0,1132.0,7
1447.0,1257.0,13
1447.0,849.0,0
1447.0,579.0,0
1447.0,1338.0,20
1447.0,385.0,16
1447.0,1088.0,12
1447.0,619.0,15
1447.0,1320.0,3
1447.0,19.0,18
1447.0,248.0,30
1447.0,417.0,18
1447.0,1356.0,0
1447.0,749.0,0
1447.0,396.0,22
1447.0,1216.0,6
1447.0,735.0,3
1447.0,1399.0,7
1447.0,1197.0,16
1447.0,133.0,5
1447.0,1183.0,0
1447.0,1140.0,4
1447.0,64.0,10
1447.0,1428.0,19
1447.0,112.0,1
1447.0,260.0,15
1447.0,205.0,16
1447.0,1133.0,9
1447.0,516.0,0
1447.0,483.0,0
1447.0,361.0,13
1447.0,152.0,1
1447.0,1120.0,6
1447.0,296.0,16
1447.0,1382.0,0
1447.0,878.0,11
1447.0,590.0,6
1447.0,466.0,5
1447.0,1251.0,0
1447.0,1488.0,22
1447.0,638.0,0
1447.0,994.0,20
1447.0,652.0,9
1447.0,105.0,10
1447.0,18.0,3
1447.0,1469.0,5
1447.0,1232.0,6
1447.0,1370.0,6
136.0,1080.0,0
136.0,575.0,1
136.0,251.0,2
136.0,166.0,2
136.0,848.0,4
136.0,1471.0,1
136.0,1240.0,4
136.0,707.0,0
136.0,439.0,1
136.0,675.0,0
136.0,1132.0,1
136.0,1257.0,2
136.0,849.0,0
136.0,579.0,0
136.0,1338.0,7
136.0,385.0,5
136.0,1088.0,4
136.0,619.0,5
136.0,1320.0,1
136.0,19.0,5
136.0,248.0,9
136.0,417.0,5
136.0,1356.0,1
136.0,749.0,0
136.0,396.0,7
136.0,1216.0,2
136.0,735.0,1
136.0,1399.0,0
136.0,1197.0,2
136.0,133.0,1
136.0,1183.0,0
136.0,1140.0,3
136.0,64.0,1
136.0,1428.0,5
136.0,112.0,0
136.0,260.0,4
136.0,205.0,5
136.0,1133.0,2
136.0,516.0,0
136.0,483.0,0
136.0,361.0,4
136.0,152.0,1
136.0,1120.0,0
136.0,296.0,4
136.0,1382.0,0
136.0,878.0,2
136.0,590.0,1
136.0,466.0,2
136.0,1251.0,0
136.0,1488.0,6
136.0,638.0,0
136.0,994.0,6
136.0,652.0,2
136.0,105.0,3
136.0,18.0,0
136.0,1469.0,3
136.0,1232.0,4
136.0,1370.0,4
1080.0,575.0,0
1080.0,251.0,0
1080.0,166.0,0
1080.0,848.0,0
1080.0,1471.0,0
1080.0,1240.0,0
1080.0,707.0,0
1080.0,439.0,0
1080.0,675.0,0
1080.0,1132.0,0
1080.0,1257.0,0
1080.0,849.0,0
1080.0,579.0,0
1080.0,1338.0,0
1080.0,385.0,0
1080.0,1088.0,1
1080.0,619.0,1
1080.0,1320.0,0
1080.0,19.0,0
1080.0,248.0,1
1080.0,417.0,0
1080.0,1356.0,0
1080.0,749.0,0
1080.0,396.0,0
1080.0,1216.0,0
1080.0,735.0,0
1080.0,1399.0,0
1080.0,1197.0,1
1080.0,133.0,0
1080.0,1183.0,0
1080.0,1140.0,0
1080.0,64.0,0
1080.0,1428.0,1
1080.0,112.0,0
1080.0,260.0,0
1080.0,205.0,0
1080.0,1133.0,0
1080.0,516.0,0
1080.0,483.0,0
1080.0,361.0,0
1080.0,152.0,0
1080.0,1120.0,0
1080.0,296.0,0
1080.0,1382.0,0
1080.0,878.0,0
1080.0,590.0,0
1080.0,466.0,0
1080.0,1251.0,0
1080.0,1488.0,0
1080.0,638.0,0
1080.0,994.0,0
1080.0,652.0,0
1080.0,105.0,0
1080.0,18.0,0
1080.0,1469.0,0
1080.0,1232.0,0
1080.0,1370.0,0
575.0,251.0,2
575.0,166.0,2
575.0,848.0,7
575.0,1471.0,0
575.0,1240.0,8
575.0,707.0,0
575.0,439.0,1
575.0,675.0,1
575.0,1132.0,1
575.0,1257.0,2
575.0,849.0,0
575.0,579.0,0
575.0,1338.0,9
575.0,385.0,7
575.0,1088.0,8
575.0,619.0,6
575.0,1320.0,0
575.0,19.0,8
575.0,248.0,10
575.0,417.0,8
575.0,1356.0,0
575.0,749.0,0
575.0,396.0,5
575.0,1216.0,3
575.0,735.0,0
575.0,1399.0,2
575.0,1197.0,3
575.0,133.0,2
575.0,1183.0,0
575.0,1140.0,4
575.0,64.0,2
575.0,1428.0,7
575.0,112.0,1
575.0,260.0,7
575.0,205.0,5
575.0,1133.0,4
575.0,516.0,0
575.0,483.0,0
575.0,361.0,2
575.0,152.0,0
575.0,1120.0,2
575.0,296.0,8
575.0,1382.0,0
575.0,878.0,5
575.0,590.0,1
575.0,466.0,3
575.0,1251.0,0
575.0,1488.0,8
575.0,638.0,0
575.0,994.0,6
575.0,652.0,6
575.0,105.0,4
575.0,18.0,0
575.0,1469.0,3
575.0,1232.0,4
575.0,1370.0,2
251.0,166.0,10
251.0,848.0,5
251.0,1471.0,10
251.0,1240.0,10
251.0,707.0,4
251.0,439.0,9
251.0,675.0,7
251.0,1132.0,9
251.0,1257.0,13
251.0,849.0,5
251.0,579.0,8
251.0,1338.0,6
251.0,385.0,8
251.0,1088.0,6
251.0,619.0,6
251.0,1320.0,6
251.0,19.0,4
251.0,248.0,7
251.0,417.0,4
251.0,1356.0,9
251.0,749.0,0
251.0,396.0,4
251.0,1216.0,11
251.0,735.0,5
251.0,1399.0,4
251.0,1197.0,9
251.0,133.0,3
251.0,1183.0,0
251.0,1140.0,2
251.0,64.0,3
251.0,1428.0,8
251.0,112.0,7
251.0,260.0,6
251.0,205.0,6
251.0,1133.0,9
251.0,516.0,0
251.0,483.0,0
251.0,361.0,2
251.0,152.0,1
251.0,1120.0,10
251.0,296.0,6
251.0,1382.0,0
251.0,878.0,5
251.0,590.0,11
251.0,466.0,4
251.0,1251.0,0
251.0,1488.0,6
251.0,638.0,0
251.0,994.0,5
251.0,652.0,3
251.0,105.0,4
251.0,18.0,0
251.0,1469.0,1
251.0,1232.0,4
251.0,1370.0,5
166.0,848.0,5
166.0,1471.0,9
166.0,1240.0,13
166.0,707.0,5
166.0,439.0,10
166.0,675.0,12
166.0,1132.0,13
166.0,1257.0,16
166.0,849.0,5
166.0,579.0,6
166.0,1338.0,10
166.0,385.0,13
166.0,1088.0,7
166.0,619.0,10
166.0,1320.0,6
166.0,19.0,7
166.0,248.0,10
166.0,417.0,7
166.0,1356.0,10
166.0,749.0,0
166.0,396.0,6
166.0,1216.0,9
166.0,735.0,6
166.0,1399.0,6
166.0,1197.0,12
166.0,133.0,4
166.0,1183.0,0
166.0,1140.0,4
166.0,64.0,6
166.0,1428.0,13
166.0,112.0,9
166.0,260.0,13
166.0,205.0,9
166.0,1133.0,8
166.0,516.0,0
166.0,483.0,0
166.0,361.0,4
166.0,152.0,3
166.0,1120.0,12
166.0,296.0,8
166.0,1382.0,0
166.0,878.0,6
166.0,590.0,11
166.0,466.0,8
166.0,1251.0,1
166.0,1488.0,9
166.0,638.0,0
166.0,994.0,10
166.0,652.0,6
166.0,105.0,5
166.0,18.0,0
166.0,1469.0,6
166.0,1232.0,3
166.0,1370.0,2
848.0,1471.0,0
848.0,1240.0,24
848.0,707.0,0
848.0,439.0,3
848.0,675.0,2
848.0,1132.0,8
848.0,1257.0,13
848.0,849.0,0
848.0,579.0,0
848.0,1338.0,29
848.0,385.0,25
848.0,1088.0,17
848.0,619.0,19
848.0,1320.0,3
848.0,19.0,27
848.0,248.0,41
848.0,417.0,27
848.0,1356.0,1
848.0,749.0,0
848.0,396.0,32
848.0,1216.0,8
848.0,735.0,5
848.0,1399.0,8
848.0,1197.0,15
848.0,133.0,5
848.0,1183.0,0
848.0,1140.0,5
848.0,64.0,10
848.0,1428.0,22
848.0,112.0,2
848.0,260.0,24
848.0,205.0,23
848.0,1133.0,14
848.0,516.0,0
848.0,483.0,0
848.0,361.0,14
848.0,152.0,3
848.0,1120.0,10
848.0,296.0,24
848.0,1382.0,0
848.0,878.0,15
848.0,590.0,7
848.0,466.0,8
848.0,1251.0,2
848.0,1488.0,27
848.0,638.0,0
848.0,994.0,30
848.0,652.0,19
848.0,105.0,15
848.0,18.0,2
848.0,1469.0,7
848.0,1232.0,13
848.0,1370.0,9
1471.0,1240.0,10
1471.0,707.0,5
1471.0,439.0,13
1471.0,675.0,6
1471.0,1132.0,14
1471.0,1257.0,17
1471.0,849.0,4
1471.0,579.0,6
1471.0,1338.0,3
1471.0,385.0,7
1471.0,1088.0,5
1471.0,619.0,8
1471.0,1320.0,10
1471.0,19.0,1
1471.0,248.0,4
1471.0,417.0,1
1471.0,1356.0,17
1471.0,749.0,0
1471.0,396.0,3
1471.0,1216.0,7
1471.0,735.0,4
1471.0,1399.0,8
1471.0,1197.0,9
1471.0,133.0,2
1471.0,1183.0,0
1471.0,1140.0,1
1471.0,64.0,6
1471.0,1428.0,10
1471.0,112.0,9
1471.0,260.0,9
1471.0,205.0,5
1471.0,1133.0,6
1471.0,516.0,0
1471.0,483.0,0
1471.0,361.0,2
1471.0,152.0,1
1471.0,1120.0,10
1471.0,296.0,2
1471.0,1382.0,0
1471.0,878.0,1
1471.0,590.0,13
1471.0,466.0,7
1471.0,1251.0,0
1471.0,1488.0,7
1471.0,638.0,0
1471.0,994.0,5
1471.0,652.0,1
1471.0,105.0,1
1471.0,18.0,0
1471.0,1469.0,0
1471.0,1232.0,1
1471.0,1370.0,1
1240.0,707.0,6
1240.0,439.0,16
1240.0,675.0,9
1240.0,1132.0,25
1240.0,1257.0,47
1240.0,849.0,3
1240.0,579.0,5
1240.0,1338.0,45
1240.0,385.0,54
1240.0,1088.0,38
1240.0,619.0,62
1240.0,1320.0,14
1240.0,19.0,49
1240.0,248.0,72
1240.0,417.0,49
1240.0,1356.0,11
1240.0,749.0,0
1240.0,396.0,43
1240.0,1216.0,22
1240.0,735.0,18
1240.0,1399.0,29
1240.0,1197.0,65
1240.0,133.0,17
1240.0,1183.0,2
1240.0,1140.0,8
1240.0,64.0,24
1240.0,1428.0,68
1240.0,112.0,7
1240.0,260.0,50
1240.0,205.0,42
1240.0,1133.0,30
1240.0,516.0,0
1240.0,483.0,0
1240.0,361.0,42
1240.0,152.0,6
1240.0,1120.0,41
1240.0,296.0,45
1240.0,1382.0,0
1240.0,878.0,33
1240.0,590.0,22
1240.0,466.0,26
1240.0,1251.0,5
1240.0,1488.0,50
1240.0,638.0,0
1240.0,994.0,56
1240.0,652.0,23
1240.0,105.0,29
1240.0,18.0,3
1240.0,1469.0,11
1240.0,1232.0,16
1240.0,1370.0,13
707.0,439.0,10
707.0,675.0,4
707.0,1132.0,7
707.0,1257.0,8
707.0,849.0,2
707.0,579.0,4
707.0,1338.0,1
707.0,385.0,3
707.0,1088.0,1
707.0,619.0,3
707.0,1320.0,9
707.0,19.0,2
707.0,248.0,3
707.0,417.0,2
707.0,1356.0,5
707.0,749.0,0
707.0,396.0,1
707.0,1216.0,5
707.0,735.0,1
707.0,1399.0,5
707.0,1197.0,6
707.0,133.0,1
707.0,1183.0,0
707.0,1140.0,1
707.0,64.0,2
707.0,1428.0,5
707.0,112.0,4
707.0,260.0,3
707.0,205.0,2
707.0,1133.0,1
707.0,516.0,0
707.0,483.0,0
707.0,361.0,2
707.0,152.0,1
707.0,1120.0,8
707.0,296.0,1
707.0,1382.0,0
707.0,878.0,0
707.0,590.0,6
707.0,466.0,0
707.0,1251.0,0
707.0,1488.0,2
707.0,638.0,0
707.0,994.0,2
707.0,652.0,0
707.0,105.0,0
707.0,18.0,0
707.0,1469.0,0
707.0,1232.0,0
707.0,1370.0,0
439.0,675.0,7
439.0,1132.0,19
439.0,1257.0,21
439.0,849.0,7
439.0,579.0,10
439.0,1338.0,5
439.0,385.0,11
439.0,1088.0,3
439.0,619.0,12
439.0,1320.0,20
439.0,19.0,4
439.0,248.0,6
439.0,417.0,4
439.0,1356.0,20
439.0,749.0,0
439.0,396.0,8
439.0,1216.0,13
439.0,735.0,4
439.0,1399.0,13
439.0,1197.0,13
439.0,133.0,3
439.0,1183.0,0
439.0,1140.0,5
439.0,64.0,6
439.0,1428.0,14
439.0,112.0,10
439.0,260.0,12
439.0,205.0,7
439.0,1133.0,6
439.0,516.0,0
439.0,483.0,0
439.0,361.0,8
439.0,152.0,3
439.0,1120.0,16
439.0,296.0,6
439.0,1382.0,0
439.0,878.0,3
439.0,590.0,15
439.0,466.0,4
439.0,1251.0,0
439.0,1488.0,13
439.0,638.0,0
439.0,994.0,6
439.0,652.0,2
439.0,105.0,5
439.0,18.0,1
439.0,1469.0,2
439.0,1232.0,1
439.0,1370.0,1
675.0,1132.0,11
675.0,1257.0,13
675.0,849.0,3
675.0,579.0,5
675.0,1338.0,7
675.0,385.0,8
675.0,1088.0,5
675.0,619.0,7
675.0,1320.0,6
675.0,19.0,6
675.0,248.0,9
675.0,417.0,6
675.0,1356.0,9
675.0,749.0,0
675.0,396.0,3
675.0,1216.0,7
675.0,735.0,2
675.0,1399.0,6
675.0,1197.0,7
675.0,133.0,3
675.0,1183.0,0
675.0,1140.0,1
675.0,64.0,2
675.0,1428.0,10
675.0,112.0,7
675.0,260.0,8
675.0,205.0,6
675.0,1133.0,2
675.0,516.0,0
675.0,483.0,0
675.0,361.0,3
675.0,152.0,1
675.0,1120.0,8
675.0,296.0,6
675.0,1382.0,0
675.0,878.0,5
675.0,590.0,9
675.0,466.0,3
675.0,1251.0,2
675.0,1488.0,5
675.0,638.0,0
675.0,994.0,7
675.0,652.0,4
675.0,105.0,2
675.0,18.0,0
675.0,1469.0,3
675.0,1232.0,0
675.0,1370.0,1
1132.0,1257.0,69
1132.0,849.0,7
1132.0,579.0,9
1132.0,1338.0,18
1132.0,385.0,19
1132.0,1088.0,11
1132.0,619.0,22
1132.0,1320.0,14
1132.0,19.0,19
1132.0,248.0,25
1132.0,417.0,19
1132.0,1356.0,18
1132.0,749.0,0
1132.0,396.0,23
1132.0,1216.0,15
1132.0,735.0,21
1132.0,1399.0,10
1132.0,1197.0,40
1132.0,133.0,6
1132.0,1183.0,0
1132.0,1140.0,6
1132.0,64.0,9
1132.0,1428.0,30
1132.0,112.0,9
1132.0,260.0,19
1132.0,205.0,16
1132.0,1133.0,20
1132.0,516.0,0
1132.0,483.0,0
1132.0,361.0,15
1132.0,152.0,3
1132.0,1120.0,34
1132.0,296.0,15
1132.0,1382.0,0
1132.0,878.0,10
1132.0,590.0,56
1132.0,466.0,20
1132.0,1251.0,5
1132.0,1488.0,16
1132.0,638.0,0
1132.0,994.0,25
1132.0,652.0,10
1132.0,105.0,13
1132.0,18.0,0
1132.0,1469.0,1
1132.0,1232.0,6
1132.0,1370.0,6
1257.0,849.0,6
1257.0,579.0,9
1257.0,1338.0,29
1257.0,385.0,31
1257.0,1088.0,24
1257.0,619.0,43
1257.0,1320.0,20
1257.0,19.0,26
1257.0,248.0,42
1257.0,417.0,26
1257.0,1356.0,19
1257.0,749.0,0
1257.0,396.0,36
1257.0,1216.0,22
1257.0,735.0,24
1257.0,1399.0,18
1257.0,1197.0,67
1257.0,133.0,8
1257.0,1183.0,0
1257.0,1140.0,11
1257.0,64.0,18
1257.0,1428.0,51
1257.0,112.0,14
1257.0,260.0,34
1257.0,205.0,24
1257.0,1133.0,28
1257.0,516.0,0
1257.0,483.0,0
1257.0,361.0,29
1257.0,152.0,6
1257.0,1120.0,48
1257.0,296.0,25
1257.0,1382.0,0
1257.0,878.0,17
1257.0,590.0,57
1257.0,466.0,29
1257.0,1251.0,6
1257.0,1488.0,30
1257.0,638.0,0
1257.0,994.0,44
1257.0,652.0,12
1257.0,105.0,17
1257.0,18.0,1
1257.0,1469.0,7
1257.0,1232.0,10
1257.0,1370.0,8
849.0,579.0,7
849.0,1338.0,1
849.0,385.0,2
849.0,1088.0,1
849.0,619.0,1
849.0,1320.0,5
849.0,19.0,1
849.0,248.0,1
849.0,417.0,1
849.0,1356.0,6
849.0,749.0,0
849.0,396.0,0
849.0,1216.0,6
849.0,735.0,3
849.0,1399.0,1
849.0,1197.0,4
849.0,133.0,1
849.0,1183.0,0
849.0,1140.0,0
849.0,64.0,1
849.0,1428.0,2
849.0,112.0,5
849.0,260.0,1
849.0,205.0,1
849.0,1133.0,3
849.0,516.0,0
849.0,483.0,0
849.0,361.0,0
849.0,152.0,1
849.0,1120.0,6
849.0,296.0,0
849.0,1382.0,0
849.0,878.0,0
849.0,590.0,5
849.0,466.0,2
849.0,1251.0,0
849.0,1488.0,1
849.0,638.0,0
849.0,994.0,2
849.0,652.0,0
849.0,105.0,0
849.0,18.0,0
849.0,1469.0,0
849.0,1232.0,0
849.0,1370.0,0
579.0,1338.0,1
579.0,385.0,3
579.0,1088.0,2
579.0,619.0,1
579.0,1320.0,8
579.0,19.0,0
579.0,248.0,2
579.0,417.0,0
579.0,1356.0,9
579.0,749.0,0
579.0,396.0,0
579.0,1216.0,8
579.0,735.0,4
579.0,1399.0,2
579.0,1197.0,6
579.0,133.0,1
579.0,1183.0,0
579.0,1140.0,1
579.0,64.0,1
579.0,1428.0,2
579.0,112.0,6
579.0,260.0,2
579.0,205.0,2
579.0,1133.0,3
579.0,516.0,0
579.0,483.0,0
579.0,361.0,0
579.0,152.0,1
579.0,1120.0,6
579.0,296.0,1
579.0,1382.0,0
579.0,878.0,0
579.0,590.0,7
579.0,466.0,2
579.0,1251.0,0
579.0,1488.0,0
579.0,638.0,0
579.0,994.0,0
579.0,652.0,0
579.0,105.0,0
579.0,18.0,0
579.0,1469.0,0
579.0,1232.0,0
579.0,1370.0,0
1338.0,385.0,49
1338.0,1088.0,32
1338.0,619.0,43
1338.0,1320.0,7
1338.0,19.0,84
1338.0,248.0,98
1338.0,417.0,80
1338.0,1356.0,4
1338.0,749.0,0
1338.0,396.0,61
1338.0,1216.0,11
1338.0,735.0,13
1338.0,1399.0,21
1338.0,1197.0,43
1338.0,133.0,14
1338.0,1183.0,0
1338.0,1140.0,9
1338.0,64.0,19
1338.0,1428.0,50
1338.0,112.0,6
1338.0,260.0,55
1338.0,205.0,49
1338.0,1133.0,29
1338.0,516.0,4
1338.0,483.0,2
1338.0,361.0,41
1338.0,152.0,6
1338.0,1120.0,26
1338.0,296.0,46
1338.0,1382.0,0
1338.0,878.0,37
1338.0,590.0,16
1338.0,466.0,21
1338.0,1251.0,3
1338.0,1488.0,56
1338.0,638.0,4
1338.0,994.0,69
1338.0,652.0,48
1338.0,105.0,31
1338.0,18.0,5
1338.0,1469.0,12
1338.0,1232.0,15
1338.0,1370.0,13
385.0,1088.0,35
385.0,619.0,33
385.0,1320.0,12
385.0,19.0,49
385.0,248.0,65
385.0,417.0,45
385.0,1356.0,5
385.0,749.0,0
385.0,396.0,38
385.0,1216.0,14
385.0,735.0,11
385.0,1399.0,18
385.0,1197.0,40
385.0,133.0,13
385.0,1183.0,0
385.0,1140.0,8
385.0,64.0,15
385.0,1428.0,43
385.0,112.0,6
385.0,260.0,42
385.0,205.0,35
385.0,1133.0,21
385.0,516.0,4
385.0,483.0,2
385.0,361.0,30
385.0,152.0,5
385.0,1120.0,21
385.0,296.0,35
385.0,1382.0,0
385.0,878.0,24
385.0,590.0,16
385.0,466.0,20
385.0,1251.0,2
385.0,1488.0,44
385.0,638.0,4
385.0,994.0,50
385.0,652.0,31
385.0,105.0,26
385.0,18.0,5
385.0,1469.0,10
385.0,1232.0,16
385.0,1370.0,11
1088.0,619.0,31
1088.0,1320.0,6
1088.0,19.0,33
1088.0,248.0,42
1088.0,417.0,29
1088.0,1356.0,2
1088.0,749.0,0
1088.0,396.0,27
1088.0,1216.0,16
1088.0,735.0,12
1088.0,1399.0,11
1088.0,1197.0,35
1088.0,133.0,7
1088.0,1183.0,0
1088.0,1140.0,8
1088.0,64.0,14
1088.0,1428.0,42
1088.0,112.0,2
1088.0,260.0,29
1088.0,205.0,23
1088.0,1133.0,19
1088.0,516.0,4
1088.0,483.0,2
1088.0,361.0,18
1088.0,152.0,3
1088.0,1120.0,21
1088.0,296.0,31
1088.0,1382.0,0
1088.0,878.0,25
1088.0,590.0,11
1088.0,466.0,23
1088.0,1251.0,4
1088.0,1488.0,21
1088.0,638.0,4
1088.0,994.0,35
1088.0,652.0,18
1088.0,105.0,15
1088.0,18.0,3
1088.0,1469.0,10
1088.0,1232.0,14
1088.0,1370.0,13
619.0,1320.0,15
619.0,19.0,40
619.0,248.0,59
619.0,417.0,40
619.0,1356.0,9
619.0,749.0,1
619.0,396.0,49
619.0,1216.0,10
619.0,735.0,21
619.0,1399.0,31
619.0,1197.0,86
619.0,133.0,13
619.0,1183.0,2
619.0,1140.0,10
619.0,64.0,32
619.0,1428.0,155
619.0,112.0,5
619.0,260.0,45
619.0,205.0,31
619.0,1133.0,33
619.0,516.0,0
619.0,483.0,0
619.0,361.0,68
619.0,152.0,5
619.0,1120.0,40
619.0,296.0,37
619.0,1382.0,0
619.0,878.0,30
619.0,590.0,21
619.0,466.0,31
619.0,1251.0,2
619.0,1488.0,73
619.0,638.0,0
619.0,994.0,76
619.0,652.0,22
619.0,105.0,26
619.0,18.0,1
619.0,1469.0,12
619.0,1232.0,13
619.0,1370.0,14
1320.0,19.0,7
1320.0,248.0,12
1320.0,417.0,7
1320.0,1356.0,11
1320.0,749.0,0
1320.0,396.0,8
1320.0,1216.0,8
1320.0,735.0,8
1320.0,1399.0,14
1320.0,1197.0,19
1320.0,133.0,5
1320.0,1183.0,0
1320.0,1140.0,3
1320.0,64.0,6
1320.0,1428.0,21
1320.0,112.0,7
1320.0,260.0,11
1320.0,205.0,8
1320.0,1133.0,11
1320.0,516.0,0
1320.0,483.0,0
1320.0,361.0,9
1320.0,152.0,3
1320.0,1120.0,13
1320.0,296.0,8
1320.0,1382.0,0
1320.0,878.0,4
1320.0,590.0,12
1320.0,466.0,13
1320.0,1251.0,1
1320.0,1488.0,16
1320.0,638.0,0
1320.0,994.0,12
1320.0,652.0,5
1320.0,105.0,4
1320.0,18.0,0
1320.0,1469.0,2
1320.0,1232.0,2
1320.0,1370.0,1
19.0,248.0,102
19.0,417.0,115
19.0,1356.0,3
19.0,749.0,0
19.0,396.0,55
19.0,1216.0,12
19.0,735.0,11
19.0,1399.0,17
19.0,1197.0,41
19.0,133.0,15
19.0,1183.0,0
19.0,1140.0,8
19.0,64.0,13
19.0,1428.0,50
19.0,112.0,4
19.0,260.0,47
19.0,205.0,43
19.0,1133.0,24
19.0,516.0,4
19.0,483.0,2
19.0,361.0,40
19.0,152.0,4
19.0,1120.0,25
19.0,296.0,43
19.0,1382.0,0
19.0,878.0,32
19.0,590.0,17
19.0,466.0,18
19.0,1251.0,4
19.0,1488.0,60
19.0,638.0,4
19.0,994.0,65
19.0,652.0,48
19.0,105.0,32
19.0,18.0,7
19.0,1469.0,12
19.0,1232.0,16
19.0,1370.0,12
248.0,417.0,97
248.0,1356.0,5
248.0,749.0,0
248.0,396.0,75
248.0,1216.0,16
248.0,735.0,20
248.0,1399.0,28
248.0,1197.0,60
248.0,133.0,19
248.0,1183.0,1
248.0,1140.0,12
248.0,64.0,23
248.0,1428.0,70
248.0,112.0,5
248.0,260.0,64
248.0,205.0,54
248.0,1133.0,36
248.0,516.0,4
248.0,483.0,2
248.0,361.0,53
248.0,152.0,7
248.0,1120.0,34
248.0,296.0,65
248.0,1382.0,0
248.0,878.0,48
248.0,590.0,21
248.0,466.0,28
248.0,1251.0,4
248.0,1488.0,76
248.0,638.0,4
248.0,994.0,84
248.0,652.0,49
248.0,105.0,40
248.0,18.0,7
248.0,1469.0,14
248.0,1232.0,19
248.0,1370.0,13
417.0,1356.0,3
417.0,749.0,0
417.0,396.0,55
417.0,1216.0,12
417.0,735.0,11
417.0,1399.0,17
417.0,1197.0,40
417.0,133.0,15
417.0,1183.0,0
417.0,1140.0,8
417.0,64.0,13
417.0,1428.0,50
417.0,112.0,4
417.0,260.0,47
417.0,205.0,43
417.0,1133.0,24
417.0,516.0,0
417.0,483.0,0
417.0,361.0,40
417.0,152.0,4
417.0,1120.0,25
417.0,296.0,43
417.0,1382.0,0
417.0,878.0,32
417.0,590.0,17
417.0,466.0,18
417.0,1251.0,4
417.0,1488.0,60
417.0,638.0,0
417.0,994.0,61
417.0,652.0,44
417.0,105.0,30
417.0,18.0,5
417.0,1469.0,12
417.0,1232.0,16
417.0,1370.0,12
1356.0,749.0,0
1356.0,396.0,7
1356.0,1216.0,11
1356.0,735.0,3
1356.0,1399.0,7
1356.0,1197.0,9
1356.0,133.0,3
1356.0,1183.0,0
1356.0,1140.0,2
1356.0,64.0,3
1356.0,1428.0,11
1356.0,112.0,12
1356.0,260.0,7
1356.0,205.0,5
1356.0,1133.0,3
1356.0,516.0,0
1356.0,483.0,0
1356.0,361.0,7
1356.0,152.0,1
1356.0,1120.0,13
1356.0,296.0,6
1356.0,1382.0,0
1356.0,878.0,5
1356.0,590.0,13
1356.0,466.0,3
1356.0,1251.0,0
1356.0,1488.0,9
1356.0,638.0,0
1356.0,994.0,4
1356.0,652.0,2
1356.0,105.0,3
1356.0,18.0,0
1356.0,1469.0,0
1356.0,1232.0,0
1356.0,1370.0,1
749.0,396.0,0
749.0,1216.0,0
749.0,735.0,1
749.0,1399.0,0
749.0,1197.0,0
749.0,133.0,0
749.0,1183.0,0
749.0,1140.0,0
749.0,64.0,0
749.0,1428.0,1
749.0,112.0,0
749.0,260.0,0
749.0,205.0,0
749.0,1133.0,1
749.0,516.0,0
749.0,483.0,0
749.0,361.0,0
749.0,152.0,0
749.0,1120.0,0
749.0,296.0,0
749.0,1382.0,0
749.0,878.0,0
749.0,590.0,0
749.0,466.0,0
749.0,1251.0,0
749.0,1488.0,1
749.0,638.0,0
749.0,994.0,0
749.0,652.0,0
749.0,105.0,0
749.0,18.0,0
749.0,1469.0,0
749.0,1232.0,0
749.0,1370.0,0
396.0,1216.0,13
396.0,735.0,16
396.0,1399.0,23
396.0,1197.0,53
396.0,133.0,11
396.0,1183.0,0
396.0,1140.0,9
396.0,64.0,20
396.0,1428.0,60
396.0,112.0,3
396.0,260.0,47
396.0,205.0,41
396.0,1133.0,29
396.0,516.0,0
396.0,483.0,0
396.0,361.0,50
396.0,152.0,4
396.0,1120.0,30
396.0,296.0,42
396.0,1382.0,0
396.0,878.0,33
396.0,590.0,20
396.0,466.0,21
396.0,1251.0,4
396.0,1488.0,52
396.0,638.0,0
396.0,994.0,76
396.0,652.0,32
396.0,105.0,28
396.0,18.0,3
396.0,1469.0,11
396.0,1232.0,15
396.0,1370.0,13
1216.0,735.0,8
1216.0,1399.0,4
1216.0,1197.0,19
1216.0,133.0,5
1216.0,1183.0,0
1216.0,1140.0,2
1216.0,64.0,7
1216.0,1428.0,18
1216.0,112.0,8
1216.0,260.0,11
1216.0,205.0,12
1216.0,1133.0,11
1216.0,516.0,0
1216.0,483.0,0
1216.0,361.0,6
1216.0,152.0,2
1216.0,1120.0,16
1216.0,296.0,12
1216.0,1382.0,0
1216.0,878.0,6
1216.0,590.0,13
1216.0,466.0,7
1216.0,1251.0,2
1216.0,1488.0,8
1216.0,638.0,0
1216.0,994.0,11
1216.0,652.0,4
1216.0,105.0,7
1216.0,18.0,1
1216.0,1469.0,3
1216.0,1232.0,4
1216.0,1370.0,7
735.0,1399.0,5
735.0,1197.0,44
735.0,133.0,4
735.0,1183.0,0
735.0,1140.0,6
735.0,64.0,13
735.0,1428.0,25
735.0,112.0,4
735.0,260.0,9
735.0,205.0,11
735.0,1133.0,30
735.0,516.0,0
735.0,483.0,0
735.0,361.0,13
735.0,152.0,4
735.0,1120.0,27
735.0,296.0,9
735.0,1382.0,0
735.0,878.0,7
735.0,590.0,20
735.0,466.0,22
735.0,1251.0,3
735.0,1488.0,13
735.0,638.0,0
735.0,994.0,19
735.0,652.0,8
735.0,105.0,7
735.0,18.0,0
735.0,1469.0,3
735.0,1232.0,6
735.0,1370.0,4
1399.0,1197.0,33
1399.0,133.0,11
1399.0,1183.0,0
1399.0,1140.0,6
1399.0,64.0,16
1399.0,1428.0,40
1399.0,112.0,6
1399.0,260.0,33
1399.0,205.0,18
1399.0,1133.0,14
1399.0,516.0,0
1399.0,483.0,0
1399.0,361.0,25
1399.0,152.0,4
1399.0,1120.0,17
1399.0,296.0,19
1399.0,1382.0,0
1399.0,878.0,13
1399.0,590.0,9
1399.0,466.0,17
1399.0,1251.0,1
1399.0,1488.0,30
1399.0,638.0,0
1399.0,994.0,28
1399.0,652.0,9
1399.0,105.0,10
1399.0,18.0,2
1399.0,1469.0,6
1399.0,1232.0,2
1399.0,1370.0,4
1197.0,133.0,12
1197.0,1183.0,1
1197.0,1140.0,10
1197.0,64.0,41
1197.0,1428.0,105
1197.0,112.0,10
1197.0,260.0,52
1197.0,205.0,35
1197.0,1133.0,47
1197.0,516.0,0
1197.0,483.0,0
1197.0,361.0,58
1197.0,152.0,6
1197.0,1120.0,74
1197.0,296.0,31
1197.0,1382.0,0
1197.0,878.0,24
1197.0,590.0,35
1197.0,466.0,44
1197.0,1251.0,3
1197.0,1488.0,61
1197.0,638.0,0
1197.0,994.0,86
1197.0,652.0,19
1197.0,105.0,30
1197.0,18.0,2
1197.0,1469.0,13
1197.0,1232.0,12
1197.0,1370.0,10
133.0,1183.0,0
133.0,1140.0,3
133.0,64.0,3
133.0,1428.0,15
133.0,112.0,2
133.0,260.0,15
133.0,205.0,11
133.0,1133.0,10
133.0,516.0,0
133.0,483.0,0
133.0,361.0,9
133.0,152.0,3
133.0,1120.0,9
133.0,296.0,11
133.0,1382.0,0
133.0,878.0,6
133.0,590.0,5
133.0,466.0,7
133.0,1251.0,0
133.0,1488.0,13
133.0,638.0,0
133.0,994.0,12
133.0,652.0,10
133.0,105.0,9
133.0,18.0,1
133.0,1469.0,3
133.0,1232.0,2
133.0,1370.0,2
1183.0,1140.0,0
1183.0,64.0,0
1183.0,1428.0,2
1183.0,112.0,0
1183.0,260.0,2
1183.0,205.0,0
1183.0,1133.0,0
1183.0,516.0,0
1183.0,483.0,0
1183.0,361.0,1
1183.0,152.0,0
1183.0,1120.0,0
1183.0,296.0,0
1183.0,1382.0,0
1183.0,878.0,0
1183.0,590.0,0
1183.0,466.0,0
1183.0,1251.0,0
1183.0,1488.0,2
1183.0,638.0,0
1183.0,994.0,1
1183.0,652.0,0
1183.0,105.0,0
1183.0,18.0,0
1183.0,1469.0,0
1183.0,1232.0,0
1183.0,1370.0,0
1140.0,64.0,7
1140.0,1428.0,10
1140.0,112.0,2
1140.0,260.0,8
1140.0,205.0,7
1140.0,1133.0,7
1140.0,516.0,0
1140.0,483.0,0
1140.0,361.0,8
1140.0,152.0,3
1140.0,1120.0,7
1140.0,296.0,6
1140.0,1382.0,0
1140.0,878.0,5
1140.0,590.0,6
1140.0,466.0,8
1140.0,1251.0,0
1140.0,1488.0,8
1140.0,638.0,0
1140.0,994.0,8
1140.0,652.0,5
1140.0,105.0,5
1140.0,18.0,0
1140.0,1469.0,3
1140.0,1232.0,7
1140.0,1370.0,4
64.0,1428.0,35
64.0,112.0,4
64.0,260.0,22
64.0,205.0,13
64.0,1133.0,14
64.0,516.0,0
64.0,483.0,0
64.0,361.0,22
64.0,152.0,3
64.0,1120.0,16
64.0,296.0,11
64.0,1382.0,0
64.0,878.0,10
64.0,590.0,8
64.0,466.0,13
64.0,1251.0,1
64.0,1488.0,29
64.0,638.0,0
64.0,994.0,31
64.0,652.0,8
64.0,105.0,13
64.0,18.0,1
64.0,1469.0,5
64.0,1232.0,3
64.0,1370.0,3
1428.0,112.0,7
1428.0,260.0,57
1428.0,205.0,39
1428.0,1133.0,37
1428.0,516.0,0
1428.0,483.0,0
1428.0,361.0,72
1428.0,152.0,5
1428.0,1120.0,52
1428.0,296.0,38
1428.0,1382.0,0
1428.0,878.0,31
1428.0,590.0,28
1428.0,466.0,37
1428.0,1251.0,3
1428.0,1488.0,86
1428.0,638.0,0
1428.0,994.0,91
1428.0,652.0,24
1428.0,105.0,29
1428.0,18.0,1
1428.0,1469.0,13
1428.0,1232.0,13
1428.0,1370.0,16
112.0,260.0,9
112.0,205.0,6
112.0,1133.0,5
112.0,516.0,0
112.0,483.0,0
112.0,361.0,3
112.0,152.0,1
112.0,1120.0,9
112.0,296.0,5
112.0,1382.0,0
112.0,878.0,4
112.0,590.0,9
112.0,466.0,4
112.0,1251.0,0
112.0,1488.0,4
112.0,638.0,0
112.0,994.0,6
112.0,652.0,3
112.0,105.0,1
112.0,18.0,1
112.0,1469.0,3
112.0,1232.0,0
112.0,1370.0,0
260.0,205.0,44
260.0,1133.0,20
260.0,516.0,0
260.0,483.0,0
260.0,361.0,35
260.0,152.0,5
260.0,1120.0,30
260.0,296.0,38
260.0,1382.0,0
260.0,878.0,31
260.0,590.0,16
260.0,466.0,22
260.0,1251.0,3
260.0,1488.0,49
260.0,638.0,0
260.0,994.0,57
260.0,652.0,27
260.0,105.0,27
260.0,18.0,4
260.0,1469.0,13
260.0,1232.0,14
260.0,1370.0,11
205.0,1133.0,23
205.0,516.0,0
205.0,483.0,0
205.0,361.0,27
205.0,152.0,4
205.0,1120.0,20
205.0,296.0,38
205.0,1382.0,0
205.0,878.0,28
205.0,590.0,13
205.0,466.0,17
205.0,1251.0,3
205.0,1488.0,38
205.0,638.0,0
205.0,994.0,42
205.0,652.0,25
205.0,105.0,24
205.0,18.0,2
205.0,1469.0,11
205.0,1232.0,16
205.0,1370.0,12
1133.0,516.0,0
1133.0,483.0,0
1133.0,361.0,21
1133.0,152.0,4
1133.0,1120.0,36
1133.0,296.0,19
1133.0,1382.0,0
1133.0,878.0,15
1133.0,590.0,19
1133.0,466.0,25
1133.0,1251.0,2
1133.0,1488.0,28
1133.0,638.0,0
1133.0,994.0,30
1133.0,652.0,15
1133.0,105.0,13
1133.0,18.0,2
1133.0,1469.0,6
1133.0,1232.0,8
1133.0,1370.0,8
516.0,483.0,2
516.0,361.0,0
516.0,152.0,0
516.0,1120.0,0
516.0,296.0,0
516.0,1382.0,0
516.0,878.0,0
516.0,590.0,0
516.0,466.0,0
516.0,1251.0,0
516.0,1488.0,0
516.0,638.0,4
516.0,994.0,4
516.0,652.0,4
516.0,105.0,1
516.0,18.0,2
516.0,1469.0,0
516.0,1232.0,0
516.0,1370.0,0
483.0,361.0,0
483.0,152.0,0
483.0,1120.0,0
483.0,296.0,0
483.0,1382.0,0
483.0,878.0,0
483.0,590.0,0
483.0,466.0,0
483.0,1251.0,0
483.0,1488.0,0
483.0,638.0,2
483.0,994.0,2
483.0,652.0,2
483.0,105.0,1
483.0,18.0,2
483.0,1469.0,0
483.0,1232.0,0
483.0,1370.0,0
361.0,152.0,4
361.0,1120.0,25
361.0,296.0,27
361.0,1382.0,0
361.0,878.0,22
361.0,590.0,12
361.0,466.0,16
361.0,1251.0,1
361.0,1488.0,61
361.0,638.0,0
361.0,994.0,64
361.0,652.0,23
361.0,105.0,29
361.0,18.0,3
361.0,1469.0,6
361.0,1232.0,9
361.0,1370.0,7
152.0,1120.0,4
152.0,296.0,4
152.0,1382.0,0
152.0,878.0,2
152.0,590.0,3
152.0,466.0,4
152.0,1251.0,0
152.0,1488.0,6
152.0,638.0,0
152.0,994.0,5
152.0,652.0,4
152.0,105.0,4
152.0,18.0,0
152.0,1469.0,3
152.0,1232.0,2
152.0,1370.0,1
1120.0,296.0,17
1120.0,1382.0,0
1120.0,878.0,15
1120.0,590.0,30
1120.0,466.0,34
1120.0,1251.0,3
1120.0,1488.0,28
1120.0,638.0,0
1120.0,994.0,43
1120.0,652.0,12
1120.0,105.0,13
1120.0,18.0,2
1120.0,1469.0,5
1120.0,1232.0,8
1120.0,1370.0,8
296.0,1382.0,0
296.0,878.0,64
296.0,590.0,12
296.0,466.0,18
296.0,1251.0,3
296.0,1488.0,35
296.0,638.0,0
296.0,994.0,45
296.0,652.0,25
296.0,105.0,28
296.0,18.0,2
296.0,1469.0,13
296.0,1232.0,15
296.0,1370.0,12
1382.0,878.0,0
1382.0,590.0,0
1382.0,466.0,0
1382.0,1251.0,0
1382.0,1488.0,0
1382.0,638.0,0
1382.0,994.0,0
1382.0,652.0,0
1382.0,105.0,0
1382.0,18.0,0
1382.0,1469.0,0
1382.0,1232.0,0
1382.0,1370.0,0
878.0,590.0,8
878.0,466.0,15
878.0,1251.0,3
878.0,1488.0,25
878.0,638.0,0
878.0,994.0,34
878.0,652.0,20
878.0,105.0,22
878.0,18.0,1
878.0,1469.0,10
878.0,1232.0,12
878.0,1370.0,10
590.0,466.0,19
590.0,1251.0,5
590.0,1488.0,12
590.0,638.0,0
590.0,994.0,21
590.0,652.0,9
590.0,105.0,9
590.0,18.0,0
590.0,1469.0,1
590.0,1232.0,7
590.0,1370.0,7
466.0,1251.0,2
466.0,1488.0,18
466.0,638.0,0
466.0,994.0,30
466.0,652.0,15
466.0,105.0,11
466.0,18.0,0
466.0,1469.0,10
466.0,1232.0,9
466.0,1370.0,9
1251.0,1488.0,2
1251.0,638.0,0
1251.0,994.0,2
1251.0,652.0,2
1251.0,105.0,2
1251.0,18.0,0
1251.0,1469.0,0
1251.0,1232.0,1
1251.0,1370.0,2
1488.0,638.0,0
1488.0,994.0,73
1488.0,652.0,34
1488.0,105.0,34
1488.0,18.0,6
1488.0,1469.0,13
1488.0,1232.0,9
1488.0,1370.0,9
638.0,994.0,4
638.0,652.0,4
638.0,105.0,1
638.0,18.0,2
638.0,1469.0,0
638.0,1232.0,0
638.0,1370.0,0
994.0,652.0,37
994.0,105.0,42
994.0,18.0,4
994.0,1469.0,15
994.0,1232.0,16
994.0,1370.0,14
652.0,105.0,21
652.0,18.0,4
652.0,1469.0,9
652.0,1232.0,10
652.0,1370.0,8
105.0,18.0,2
105.0,1469.0,7
105.0,1232.0,9
105.0,1370.0,6
18.0,1469.0,1
18.0,1232.0,1
18.0,1370.0,0
1469.0,1232.0,4
1469.0,1370.0,2
1232.0,1370.0,9
